name,description,slug,year,month
January 2002,,2002-01,2002,01
February 2002,,2002-02,2002,02
March 2002,,2002-03,2002,03
April 2002,,2002-04,2002,04
May 2002,,2002-05,2002,05
June 2002,,2002-06,2002,06
July - August 2002,,2002-07,2002,07
September 2002,,2002-09,2002,09
October 2002,,2002-10,2002,10
November 2002,,2002-11,2002,11
December 2002,,2002-12,2002,12
January 2003,,2003-01,2003,01
February 2003,,2003-02,2003,02
March 2003,,2003-03,2003,03
April 2003,,2003-04,2003,04
May 2003,,2003-05,2003,05
June 2003,,2003-06,2003,06
July - August 2003,,2003-07,2003,07
September 2003,,2003-09,2003,09
October 2003,,2003-10,2003,10
November 2003,,2003-11,2003,11
December 2003,,2003-12,2003,12
January 2004,,2004-01,2004,01
February 2004,,2004-02,2004,02
March 2004,,2004-03,2004,03
April 2004,,2004-04,2004,04
May 2004,,2004-05,2004,05
June 2004,,2004-06,2004,06
July - August 2004,,2004-07,2004,07
September 2004,,2004-09,2004,09
October 2004,,2004-10,2004,10
November 2004,,2004-11,2004,11
December 2004,,2004-12,2004,12
January 2005,,2005-01,2005,01
February 2005,,2005-02,2005,02
March 2005,,2005-03,2005,03
April 2005,,2005-04,2005,04
May 2005,,2005-05,2005,05
June 2005,,2005-06,2005,06
July - August 2005,,2005-07,2005,07
September 2005,,2005-09,2005,09
October 2005,,2005-10,2005,10
November 2005,,2005-11,2005,11
December 2005,,2005-12,2005,12
January 2006,,2006-01,2006,01
February 2006,,2006-02,2006,02
March 2006,,2006-03,2006,03
April 2006,,2006-04,2006,04
May 2006,,2006-05,2006,05
June 2006,,2006-06,2006,06
July - August 2006,,2006-07,2006,07
September 2006,,2006-09,2006,09
October 2006,,2006-10,2006,10
November 2006,,2006-11,2006,11
December 2006,,2006-12,2006,12
January 2007,,2007-01,2007,01
February 2007,,2007-02,2007,02
March 2007,,2007-03,2007,03
April 2007,,2007-04,2007,04
May 2007,,2007-05,2007,05
June 2007,,2007-06,2007,06
July - August 2007,,2007-07,2007,07
September 2007,,2007-09,2007,09
October 2007,,2007-10,2007,10
November 2007,,2007-11,2007,11
December 2007,,2007-12,2007,12
January 2008,,2008-01,2008,01
February 2008,,2008-02,2008,02
March 2008,,2008-03,2008,03
April 2008,,2008-04,2008,04
May 2008,,2008-05,2008,05
June 2008,,2008-06,2008,06
July - August 2008,,2008-07,2008,07
September 2008,,2008-09,2008,09
October 2008,,2008-10,2008,10
November 2008,,2008-11,2008,11
December 2008,,2008-12,2008,12
January 2009,,2009-01,2009,01
February 2009,,2009-02,2009,02
March 2009,,2009-03,2009,03
April 2009,,2009-04,2009,04
May 2009,,2009-05,2009,05
June 2009,,2009-06,2009,06
July - August 2009,,2009-07,2009,07
September 2009,,2009-09,2009,09
October 2009,,2009-10,2009,10
November 2009,,2009-11,2009,11
December 2009,,2009-12,2009,12
January 2010,,2010-01,2010,01
February 2010,,2010-02,2010,02
March 2010,,2010-03,2010,03
April 2010,,2010-04,2010,04
May 2010,,2010-05,2010,05
June 2010,,2010-06,2010,06
July - August 2010,,2010-07,2010,07
September 2010,,2010-09,2010,09
October 2010,,2010-10,2010,10
October 2010,,2010-10,2010,10
November 2010,,2010-11,2010,11
December 2010,,2010-12,2010,12
September 2013,,2013-09,2013,09
October 2013,,2013-10,2013,10
November 2013,,2013-11,2013,11
December 2013,,2013-12,2013,12
February 2014,,2014-02,2014,02
March 2014,,2014-03,2014,03
April 2014,,2014-04,2014,04
May 2014,,2014-05,2014,05
June 2014,,2014-06,2014,06
July 2014,,2014-07,2014,07
September 2014,,2014-09,2014,09
October 2014,,2014-10,2014,10
November 2014,,2014-11,2014,11
January 2015,,2015-01,2015,01
February 2015,,2015-02,2015,02
March 2015,,2015-03,2015,03
April 2015,,2015-04,2015,04
May 2015,,2015-05,2015,05
June 2015,,2015-06,2015,06
July 2015,,2015-07,2015,07
September 2015,,2015-09,2015,09
October 2015,,2015-10,2015,10
November 2015,,2015-11,2015,11
December 2015,,2015-12,2015,12
February 2016,,2016-02,2016,02
March 2016,,2016-03,2016,03
April 2016,,2016-04,2016,04
May 2016,,2016-05,2016,05
June 2016,,2016-06,2016,06
September 2016,,2016-09,2016,09
October 2016,,2016-10,2016,10
November 2016,,2016-11,2016,11
December 2016,,2016-12,2016,12
January 2017,,2017-01,2017,01
February 2017,,2017-02,2017,02
March 2017,,2017-03,2017,03
April 2017,,2017-04,2017,04
May 2017,,2017-05,2017,05
June 2017,,2017-06,2017,06
July 2017,,2017-07,2017,07
Sept/Oct 2017,,2017-10,2017,10
November 2017,,2017-11,2017,11
January – February 2018,,2018-02,2018,02
March - April 2018,,2018-04,2018,04
May – June 2018,,2018-06,2018,06
July – Aug 2018,,2018-08,2018,08
Election Edition 2018,,2018-11,2018,11
December 2018 – January 2019,,2019-01,2019,01
February 2019,,2019-02,2019,02
